inclusion_1.jpg,inclusion
inclusion_10.jpg,inclusion
inclusion_100.jpg,inclusion
inclusion_101.jpg,inclusion
inclusion_102.jpg,inclusion
inclusion_103.jpg,inclusion
inclusion_104.jpg,inclusion
inclusion_105.jpg,inclusion
inclusion_106.jpg,inclusion
inclusion_107.jpg,inclusion
inclusion_108.jpg,inclusion
inclusion_109.jpg,inclusion
inclusion_11.jpg,inclusion
inclusion_110.jpg,inclusion
inclusion_111.jpg,inclusion
inclusion_112.jpg,inclusion
inclusion_113.jpg,inclusion
inclusion_114.jpg,inclusion
inclusion_115.jpg,inclusion
inclusion_116.jpg,inclusion
inclusion_117.jpg,inclusion
inclusion_118.jpg,inclusion
inclusion_119.jpg,inclusion
inclusion_12.jpg,inclusion
inclusion_120.jpg,inclusion
inclusion_121.jpg,inclusion
inclusion_122.jpg,inclusion
inclusion_123.jpg,inclusion
inclusion_124.jpg,inclusion
inclusion_125.jpg,inclusion
inclusion_126.jpg,inclusion
inclusion_127.jpg,inclusion
inclusion_128.jpg,inclusion
inclusion_129.jpg,inclusion
inclusion_13.jpg,inclusion
inclusion_130.jpg,inclusion
inclusion_131.jpg,inclusion
inclusion_132.jpg,inclusion
inclusion_133.jpg,inclusion
inclusion_134.jpg,inclusion
inclusion_135.jpg,inclusion
inclusion_136.jpg,inclusion
inclusion_137.jpg,inclusion
inclusion_138.jpg,inclusion
inclusion_139.jpg,inclusion
inclusion_14.jpg,inclusion
inclusion_140.jpg,inclusion
inclusion_141.jpg,inclusion
inclusion_142.jpg,inclusion
inclusion_143.jpg,inclusion
inclusion_144.jpg,inclusion
inclusion_145.jpg,inclusion
inclusion_146.jpg,inclusion
inclusion_147.jpg,inclusion
inclusion_148.jpg,inclusion
inclusion_149.jpg,inclusion
inclusion_15.jpg,inclusion
inclusion_150.jpg,inclusion
inclusion_16.jpg,inclusion
inclusion_17.jpg,inclusion
inclusion_18.jpg,inclusion
inclusion_19.jpg,inclusion
inclusion_2.jpg,inclusion
inclusion_20.jpg,inclusion
inclusion_21.jpg,inclusion
inclusion_22.jpg,inclusion
inclusion_23.jpg,inclusion
inclusion_24.jpg,inclusion
inclusion_25.jpg,inclusion
inclusion_26.jpg,inclusion
inclusion_27.jpg,inclusion
inclusion_28.jpg,inclusion
inclusion_29.jpg,inclusion
inclusion_3.jpg,inclusion
inclusion_30.jpg,inclusion
inclusion_31.jpg,inclusion
inclusion_32.jpg,inclusion
inclusion_33.jpg,inclusion
inclusion_34.jpg,inclusion
inclusion_35.jpg,inclusion
inclusion_36.jpg,inclusion
inclusion_37.jpg,inclusion
inclusion_38.jpg,inclusion
inclusion_39.jpg,inclusion
inclusion_4.jpg,inclusion
inclusion_40.jpg,inclusion
inclusion_41.jpg,inclusion
inclusion_42.jpg,inclusion
inclusion_43.jpg,inclusion
inclusion_44.jpg,inclusion
inclusion_45.jpg,inclusion
inclusion_46.jpg,inclusion
inclusion_47.jpg,inclusion
inclusion_48.jpg,inclusion
inclusion_49.jpg,inclusion
inclusion_5.jpg,inclusion
inclusion_50.jpg,inclusion
inclusion_51.jpg,inclusion
inclusion_52.jpg,inclusion
inclusion_53.jpg,inclusion
inclusion_54.jpg,inclusion
inclusion_55.jpg,inclusion
inclusion_56.jpg,inclusion
inclusion_57.jpg,inclusion
inclusion_58.jpg,inclusion
inclusion_59.jpg,inclusion
inclusion_6.jpg,inclusion
inclusion_60.jpg,inclusion
inclusion_61.jpg,inclusion
inclusion_62.jpg,inclusion
inclusion_63.jpg,inclusion
inclusion_64.jpg,inclusion
inclusion_65.jpg,inclusion
inclusion_66.jpg,inclusion
inclusion_67.jpg,inclusion
inclusion_68.jpg,inclusion
inclusion_69.jpg,inclusion
inclusion_7.jpg,inclusion
inclusion_70.jpg,inclusion
inclusion_71.jpg,inclusion
inclusion_72.jpg,inclusion
inclusion_73.jpg,inclusion
inclusion_74.jpg,inclusion
inclusion_75.jpg,inclusion
inclusion_76.jpg,inclusion
inclusion_77.jpg,inclusion
inclusion_78.jpg,inclusion
inclusion_79.jpg,inclusion
inclusion_8.jpg,inclusion
inclusion_80.jpg,inclusion
inclusion_81.jpg,inclusion
inclusion_82.jpg,inclusion
inclusion_83.jpg,inclusion
inclusion_84.jpg,inclusion
inclusion_85.jpg,inclusion
inclusion_86.jpg,inclusion
inclusion_87.jpg,inclusion
inclusion_88.jpg,inclusion
inclusion_89.jpg,inclusion
inclusion_9.jpg,inclusion
inclusion_90.jpg,inclusion
inclusion_91.jpg,inclusion
inclusion_92.jpg,inclusion
inclusion_93.jpg,inclusion
inclusion_94.jpg,inclusion
inclusion_95.jpg,inclusion
inclusion_96.jpg,inclusion
inclusion_97.jpg,inclusion
inclusion_98.jpg,inclusion
inclusion_99.jpg,inclusion
patches_1.jpg,patches
patches_10.jpg,patches
patches_100.jpg,patches
patches_101.jpg,patches
patches_102.jpg,patches
patches_103.jpg,patches
patches_104.jpg,patches
patches_105.jpg,patches
patches_106.jpg,patches
patches_107.jpg,patches
patches_108.jpg,patches
patches_109.jpg,patches
patches_11.jpg,patches
patches_110.jpg,patches
patches_111.jpg,patches
patches_112.jpg,patches
patches_113.jpg,patches
patches_114.jpg,patches
patches_115.jpg,patches
patches_116.jpg,patches
patches_117.jpg,patches
patches_118.jpg,patches
patches_119.jpg,patches
patches_12.jpg,patches
patches_120.jpg,patches
patches_121.jpg,patches
patches_122.jpg,patches
patches_123.jpg,patches
patches_124.jpg,patches
patches_125.jpg,patches
patches_126.jpg,patches
patches_127.jpg,patches
patches_128.jpg,patches
patches_129.jpg,patches
patches_13.jpg,patches
patches_130.jpg,patches
patches_131.jpg,patches
patches_132.jpg,patches
patches_133.jpg,patches
patches_134.jpg,patches
patches_135.jpg,patches
patches_136.jpg,patches
patches_137.jpg,patches
patches_138.jpg,patches
patches_139.jpg,patches
patches_14.jpg,patches
patches_140.jpg,patches
patches_141.jpg,patches
patches_142.jpg,patches
patches_143.jpg,patches
patches_144.jpg,patches
patches_145.jpg,patches
patches_146.jpg,patches
patches_147.jpg,patches
patches_148.jpg,patches
patches_149.jpg,patches
patches_15.jpg,patches
patches_150.jpg,patches
patches_16.jpg,patches
patches_17.jpg,patches
patches_18.jpg,patches
patches_19.jpg,patches
patches_2.jpg,patches
patches_20.jpg,patches
patches_21.jpg,patches
patches_22.jpg,patches
patches_23.jpg,patches
patches_24.jpg,patches
patches_25.jpg,patches
patches_26.jpg,patches
patches_27.jpg,patches
patches_28.jpg,patches
patches_29.jpg,patches
patches_3.jpg,patches
patches_30.jpg,patches
patches_31.jpg,patches
patches_32.jpg,patches
patches_33.jpg,patches
patches_34.jpg,patches
patches_35.jpg,patches
patches_36.jpg,patches
patches_37.jpg,patches
patches_38.jpg,patches
patches_39.jpg,patches
patches_4.jpg,patches
patches_40.jpg,patches
patches_41.jpg,patches
patches_42.jpg,patches
patches_43.jpg,patches
patches_44.jpg,patches
patches_45.jpg,patches
patches_46.jpg,patches
patches_47.jpg,patches
patches_48.jpg,patches
patches_49.jpg,patches
patches_5.jpg,patches
patches_50.jpg,patches
patches_51.jpg,patches
patches_52.jpg,patches
patches_53.jpg,patches
patches_54.jpg,patches
patches_55.jpg,patches
patches_56.jpg,patches
patches_57.jpg,patches
patches_58.jpg,patches
patches_59.jpg,patches
patches_6.jpg,patches
patches_60.jpg,patches
patches_61.jpg,patches
patches_62.jpg,patches
patches_63.jpg,patches
patches_64.jpg,patches
patches_65.jpg,patches
patches_66.jpg,patches
patches_67.jpg,patches
patches_68.jpg,patches
patches_69.jpg,patches
patches_7.jpg,patches
patches_70.jpg,patches
patches_71.jpg,patches
patches_72.jpg,patches
patches_73.jpg,patches
patches_74.jpg,patches
patches_75.jpg,patches
patches_76.jpg,patches
patches_77.jpg,patches
patches_78.jpg,patches
patches_79.jpg,patches
patches_8.jpg,patches
patches_80.jpg,patches
patches_81.jpg,patches
patches_82.jpg,patches
patches_83.jpg,patches
patches_84.jpg,patches
patches_85.jpg,patches
patches_86.jpg,patches
patches_87.jpg,patches
patches_88.jpg,patches
patches_89.jpg,patches
patches_9.jpg,patches
patches_90.jpg,patches
patches_91.jpg,patches
patches_92.jpg,patches
patches_93.jpg,patches
patches_94.jpg,patches
patches_95.jpg,patches
patches_96.jpg,patches
patches_97.jpg,patches
patches_98.jpg,patches
patches_99.jpg,patches
scratches_1.jpg,scratches
scratches_10.jpg,scratches
scratches_100.jpg,scratches
scratches_101.jpg,scratches
scratches_102.jpg,scratches
scratches_103.jpg,scratches
scratches_104.jpg,scratches
scratches_105.jpg,scratches
scratches_106.jpg,scratches
scratches_107.jpg,scratches
scratches_108.jpg,scratches
scratches_109.jpg,scratches
scratches_11.jpg,scratches
scratches_110.jpg,scratches
scratches_111.jpg,scratches
scratches_112.jpg,scratches
scratches_113.jpg,scratches
scratches_114.jpg,scratches
scratches_115.jpg,scratches
scratches_116.jpg,scratches
scratches_117.jpg,scratches
scratches_118.jpg,scratches
scratches_119.jpg,scratches
scratches_12.jpg,scratches
scratches_120.jpg,scratches
scratches_121.jpg,scratches
scratches_122.jpg,scratches
scratches_123.jpg,scratches
scratches_124.jpg,scratches
scratches_125.jpg,scratches
scratches_126.jpg,scratches
scratches_127.jpg,scratches
scratches_128.jpg,scratches
scratches_129.jpg,scratches
scratches_13.jpg,scratches
scratches_130.jpg,scratches
scratches_131.jpg,scratches
scratches_132.jpg,scratches
scratches_133.jpg,scratches
scratches_134.jpg,scratches
scratches_135.jpg,scratches
scratches_136.jpg,scratches
scratches_137.jpg,scratches
scratches_138.jpg,scratches
scratches_139.jpg,scratches
scratches_14.jpg,scratches
scratches_140.jpg,scratches
scratches_141.jpg,scratches
scratches_142.jpg,scratches
scratches_143.jpg,scratches
scratches_144.jpg,scratches
scratches_145.jpg,scratches
scratches_146.jpg,scratches
scratches_147.jpg,scratches
scratches_148.jpg,scratches
scratches_149.jpg,scratches
scratches_15.jpg,scratches
scratches_150.jpg,scratches
scratches_16.jpg,scratches
scratches_17.jpg,scratches
scratches_18.jpg,scratches
scratches_19.jpg,scratches
scratches_2.jpg,scratches
scratches_20.jpg,scratches
scratches_21.jpg,scratches
scratches_22.jpg,scratches
scratches_23.jpg,scratches
scratches_24.jpg,scratches
scratches_25.jpg,scratches
scratches_26.jpg,scratches
scratches_27.jpg,scratches
scratches_28.jpg,scratches
scratches_29.jpg,scratches
scratches_3.jpg,scratches
scratches_30.jpg,scratches
scratches_31.jpg,scratches
scratches_32.jpg,scratches
scratches_33.jpg,scratches
scratches_34.jpg,scratches
scratches_35.jpg,scratches
scratches_36.jpg,scratches
scratches_37.jpg,scratches
scratches_38.jpg,scratches
scratches_39.jpg,scratches
scratches_4.jpg,scratches
scratches_40.jpg,scratches
scratches_41.jpg,scratches
scratches_42.jpg,scratches
scratches_43.jpg,scratches
scratches_44.jpg,scratches
scratches_45.jpg,scratches
scratches_46.jpg,scratches
scratches_47.jpg,scratches
scratches_48.jpg,scratches
scratches_49.jpg,scratches
scratches_5.jpg,scratches
scratches_50.jpg,scratches
scratches_51.jpg,scratches
scratches_52.jpg,scratches
scratches_53.jpg,scratches
scratches_54.jpg,scratches
scratches_55.jpg,scratches
scratches_56.jpg,scratches
scratches_57.jpg,scratches
scratches_58.jpg,scratches
scratches_59.jpg,scratches
scratches_6.jpg,scratches
scratches_60.jpg,scratches
scratches_61.jpg,scratches
scratches_62.jpg,scratches
scratches_63.jpg,scratches
scratches_64.jpg,scratches
scratches_65.jpg,scratches
scratches_66.jpg,scratches
scratches_67.jpg,scratches
scratches_68.jpg,scratches
scratches_69.jpg,scratches
scratches_7.jpg,scratches
scratches_70.jpg,scratches
scratches_71.jpg,scratches
scratches_72.jpg,scratches
scratches_73.jpg,scratches
scratches_74.jpg,scratches
scratches_75.jpg,scratches
scratches_76.jpg,scratches
scratches_77.jpg,scratches
scratches_78.jpg,scratches
scratches_79.jpg,scratches
scratches_8.jpg,scratches
scratches_80.jpg,scratches
scratches_81.jpg,scratches
scratches_82.jpg,scratches
scratches_83.jpg,scratches
scratches_84.jpg,scratches
scratches_85.jpg,scratches
scratches_86.jpg,scratches
scratches_87.jpg,scratches
scratches_88.jpg,scratches
scratches_89.jpg,scratches
scratches_9.jpg,scratches
scratches_90.jpg,scratches
scratches_91.jpg,scratches
scratches_92.jpg,scratches
scratches_93.jpg,scratches
scratches_94.jpg,scratches
scratches_95.jpg,scratches
scratches_96.jpg,scratches
scratches_97.jpg,scratches
scratches_98.jpg,scratches
scratches_99.jpg,scratches
